student_id,gender,study_hours,attendance_pct,sleep_hours,parental_support,tutoring,math_score,science_score,english_score
1,Female,1.3,88.0,5.9,High,No,56.0,63.0,67.0
2,Male,3.9,91.0,6.3,Medium,No,80.0,80.0,74.0
3,Male,4.1,84.0,5.7,High,Yes,73.0,86.0,85.0
4,Female,3.7,94.0,7.6,Medium,No,69.0,76.0,85.0
5,Male,6.0,70.0,6.5,Low,No,66.0,81.0,71.0
6,Male,6.6,93.0,7.2,Medium,No,89.0,100.0,95.0
7,Male,4.4,82.0,7.5,Medium,No,83.0,81.0,81.0
8,Male,3.9,87.0,6.8,Medium,No,74.0,65.0,77.0
9,Female,1.4,51.0,7.0,High,Yes,62.0,53.0,61.0
10,Male,1.4,89.0,7.1,High,No,59.0,58.0,73.0
11,Female,4.0,82.0,7.4,High,No,84.0,70.0,82.0
12,Female,2.9,99.0,8.3,High,No,73.0,83.0,83.0
13,Female,1.1,82.0,5.9,Medium,No,58.0,62.0,59.0
14,Female,2.8,70.0,7.0,Medium,No,72.0,60.0,72.0
15,Female,3.5,72.0,5.8,High,Yes,71.0,73.0,81.0
16,Male,4.3,84.0,8.4,High,Yes,76.0,98.0,97.0
17,Female,2.8,83.0,5.1,Low,No,70.0,61.0,70.0
18,Female,2.6,74.0,7.1,High,No,61.0,68.0,66.0
19,Male,3.0,69.0,6.5,High,No,63.0,71.0,72.0
20,Male,3.2,95.0,6.4,Medium,No,69.0,81.0,81.0
21,Male,1.4,78.0,7.7,Medium,Yes,64.0,64.0,64.0
22,Female,4.2,79.0,7.5,Medium,No,78.0,83.0,62.0
23,Female,6.1,75.0,6.0,Medium,Yes,91.0,83.0,100.0
24,Female,4.1,94.0,7.4,Medium,Yes,79.0,88.0,87.0
25,Male,1.0,91.0,7.2,Low,No,51.0,54.0,58.0
26,Female,3.1,70.0,6.2,High,No,72.0,64.0,73.0
27,Female,0.5,79.0,5.5,Medium,No,58.0,53.0,47.0
28,Female,0.4,71.0,7.7,High,No,44.0,69.0,56.0
29,Male,3.9,99.0,7.6,Medium,No,86.0,82.0,80.0
30,Female,3.1,84.0,7.5,Medium,No,74.0,77.0,68.0
31,Female,2.0,77.0,6.4,High,No,66.0,63.0,67.0
32,Female,0.2,77.0,8.1,Low,No,40.0,37.0,51.0
33,Female,1.2,85.0,10.0,High,No,64.0,69.0,74.0
34,Male,3.2,78.0,7.1,Medium,Yes,72.0,66.0,76.0
35,Male,3.0,95.0,7.5,Medium,No,67.0,72.0,74.0
36,Male,4.0,71.0,6.1,Medium,No,76.0,83.0,77.0
37,Male,5.1,68.0,6.1,Medium,Yes,76.0,70.0,89.0
38,Male,2.5,94.0,8.7,Medium,Yes,81.0,76.0,82.0
39,Male,3.7,76.0,9.2,Medium,Yes,66.0,81.0,78.0
40,Male,2.8,94.0,6.7,Low,No,56.0,69.0,69.0
41,Female,2.3,89.0,6.3,Medium,No,52.0,62.0,66.0
42,Female,2.7,66.0,6.0,Medium,Yes,66.0,65.0,79.0
43,Male,4.3,74.0,6.3,Medium,No,67.0,69.0,82.0
44,Male,1.6,80.0,7.0,Medium,Yes,55.0,72.0,72.0
45,Male,4.6,78.0,5.7,Low,Yes,79.0,77.0,72.0
46,Female,5.1,83.0,6.2,Medium,No,90.0,90.0,86.0
47,Female,3.1,74.0,7.9,High,No,66.0,71.0,83.0
48,Male,3.4,79.0,6.8,Medium,No,77.0,76.0,65.0
49,Male,1.0,90.0,6.1,Low,No,54.0,57.0,55.0
50,Male,6.3,93.0,5.8,Low,No,86.0,81.0,79.0
51,Female,4.4,72.0,8.0,Medium,No,67.0,86.0,96.0
52,Male,3.2,78.0,5.9,Medium,No,57.0,84.0,71.0
53,Male,3.1,79.0,6.8,Medium,Yes,70.0,78.0,70.0
54,Male,3.6,67.0,7.9,Medium,No,68.0,62.0,77.0
55,Male,2.1,89.0,7.5,Medium,Yes,62.0,64.0,68.0
56,Female,3.4,,7.2,Medium,Yes,68.0,63.0,82.0
57,Male,1.7,85.0,7.2,Medium,No,52.0,57.0,61.0
58,Male,3.7,79.0,6.0,Medium,Yes,74.0,85.0,83.0
59,Female,2.1,89.0,6.2,Low,No,62.0,66.0,58.0
60,Male,4.3,90.0,6.5,High,No,85.0,77.0,86.0
61,Female,2.8,92.0,4.1,High,No,73.0,63.0,67.0
62,Male,3.4,78.0,6.5,Medium,No,64.0,66.0,73.0
63,Female,7.1,83.0,6.8,Low,Yes,100.0,100.0,96.0
64,Female,4.1,76.0,,High,No,70.0,81.0,73.0
65,Female,3.4,77.0,6.8,Medium,Yes,74.0,82.0,86.0
66,Female,3.1,90.0,7.1,High,Yes,74.0,75.0,80.0
67,Female,1.5,81.0,7.2,Low,Yes,49.0,59.0,60.0
68,Female,4.5,78.0,8.5,Medium,No,73.0,75.0,87.0
69,Male,5.2,,7.1,Medium,No,86.0,83.0,81.0
70,Male,3.1,87.0,7.8,Low,No,72.0,66.0,64.0
71,Male,5.3,72.0,6.3,Medium,No,80.0,79.0,78.0
72,Female,2.8,74.0,7.2,Medium,No,46.0,69.0,74.0
73,Female,0.5,87.0,7.2,High,No,61.0,56.0,55.0
74,Female,2.1,85.0,6.7,Medium,No,49.0,63.0,81.0
75,Female,1.5,78.0,5.2,Medium,No,65.0,51.0,59.0
76,Male,2.6,92.0,5.6,Medium,Yes,70.0,78.0,75.0
77,Male,3.9,79.0,7.4,Medium,No,73.0,85.0,79.0
78,Female,1.7,61.0,6.9,Medium,No,58.0,66.0,53.0
79,Male,2.9,72.0,6.7,Low,No,57.0,66.0,63.0
80,Male,3.3,65.0,6.3,High,Yes,69.0,72.0,71.0
81,Male,2.0,91.0,7.0,High,No,65.0,63.0,71.0
82,Female,1.7,85.0,7.5,High,Yes,68.0,63.0,70.0
83,Male,3.1,81.0,8.8,Medium,Yes,73.0,74.0,85.0
84,Male,4.2,57.0,6.9,Medium,No,69.0,62.0,73.0
85,Male,2.2,65.0,6.8,High,No,41.0,67.0,65.0
86,Male,1.9,78.0,7.2,High,No,62.0,67.0,66.0
87,Male,2.8,62.0,8.1,High,No,56.0,59.0,65.0
88,Female,3.4,89.0,,Low,Yes,89.0,74.0,72.0
89,Male,2.2,79.0,7.5,High,No,70.0,73.0,68.0
90,Male,2.5,79.0,5.5,Medium,No,67.0,70.0,73.0
91,Female,2.7,79.0,7.0,Low,Yes,66.0,67.0,70.0
92,Male,1.5,70.0,5.8,Medium,No,56.0,58.0,53.0
93,Male,2.8,70.0,6.0,High,No,60.0,69.0,65.0
94,Female,2.2,61.0,8.8,Medium,No,63.0,58.0,60.0
95,Female,5.2,80.0,6.6,High,No,89.0,87.0,94.0
96,Male,2.3,84.0,6.2,Medium,No,63.0,65.0,72.0
97,Male,3.6,78.0,8.3,Low,No,72.0,66.0,69.0
98,Female,3.5,77.0,7.0,Medium,No,75.0,73.0,69.0
99,Female,1.4,71.0,5.8,Medium,No,52.0,54.0,59.0
100,Female,1.3,83.0,7.0,Low,Yes,48.0,60.0,55.0
101,Male,2.4,55.0,5.6,Medium,No,59.0,56.0,56.0
102,Female,3.9,69.0,6.1,Medium,Yes,80.0,73.0,85.0
103,Male,2.2,73.0,7.2,Low,No,48.0,47.0,56.0
104,Male,2.1,75.0,4.4,Low,No,59.0,68.0,57.0
105,Male,0.2,82.0,7.7,High,No,55.0,60.0,58.0
106,Male,2.4,78.0,7.2,Medium,No,66.0,67.0,72.0
107,Female,3.4,82.0,,Low,No,72.0,79.0,72.0
108,Male,3.6,92.0,6.6,High,No,71.0,85.0,73.0
109,Female,3.6,94.0,7.4,Medium,Yes,79.0,83.0,76.0
110,Male,2.5,86.0,6.0,High,No,74.0,74.0,75.0
111,Male,2.7,92.0,6.1,High,Yes,82.0,86.0,77.0
112,Female,4.2,97.0,7.1,Low,Yes,83.0,82.0,79.0
113,Female,2.8,84.0,7.0,Medium,No,61.0,60.0,62.0
114,Female,0.2,66.0,7.0,High,No,49.0,42.0,54.0
115,Female,4.4,90.0,8.3,High,No,82.0,94.0,85.0
116,Male,1.5,70.0,6.7,Medium,No,54.0,55.0,62.0
117,Female,4.9,99.0,7.4,Medium,No,91.0,90.0,90.0
118,Male,5.4,97.0,7.3,High,Yes,86.0,96.0,93.0
119,Male,4.1,75.0,7.1,Low,No,71.0,73.0,65.0
120,Female,4.3,69.0,7.4,Medium,No,75.0,69.0,73.0
121,Female,5.6,73.0,5.3,High,No,77.0,88.0,89.0
122,Female,1.5,79.0,6.4,Medium,No,62.0,44.0,64.0
123,Female,3.4,93.0,8.1,Medium,No,70.0,75.0,66.0
124,Male,3.3,68.0,6.7,Medium,No,65.0,59.0,77.0
125,Female,1.6,89.0,7.7,Low,No,41.0,59.0,62.0
126,Male,5.8,59.0,7.5,Medium,No,86.0,82.0,81.0
127,Male,2.2,92.0,4.0,Low,No,55.0,58.0,49.0
128,Male,2.0,79.0,5.7,High,No,60.0,65.0,60.0
129,Male,3.4,82.0,6.3,High,Yes,84.0,67.0,87.0
130,Female,4.4,79.0,6.3,Low,No,59.0,66.0,75.0
131,Male,2.2,89.0,6.5,High,No,72.0,68.0,72.0
132,Female,2.2,84.0,6.5,Low,No,64.0,62.0,60.0
133,Male,3.7,97.0,6.2,Low,No,59.0,74.0,72.0
134,Male,1.0,62.0,6.3,Medium,No,49.0,39.0,49.0
135,Male,1.9,71.0,5.0,Medium,No,52.0,64.0,64.0
136,Male,1.8,67.0,8.9,High,No,55.0,63.0,70.0
137,Female,2.4,87.0,8.4,Medium,Yes,61.0,81.0,77.0
138,Female,2.8,63.0,7.9,Low,No,62.0,64.0,60.0
139,Female,5.6,100.0,6.9,Low,No,92.0,94.0,91.0
140,Male,4.3,81.0,6.1,High,Yes,74.0,86.0,94.0
141,Male,3.0,92.0,9.4,Medium,No,67.0,72.0,82.0
142,Female,2.7,70.0,6.0,Medium,No,65.0,61.0,73.0
143,Female,4.2,82.0,8.4,Low,No,87.0,80.0,68.0
144,Male,3.6,86.0,7.3,Medium,Yes,66.0,75.0,68.0
145,Male,4.2,73.0,6.1,Medium,No,62.0,62.0,80.0
146,Female,4.9,78.0,6.2,Low,Yes,70.0,78.0,79.0
147,Female,1.6,96.0,6.6,Medium,Yes,58.0,68.0,47.0
148,Female,0.2,93.0,6.3,Medium,Yes,61.0,59.0,63.0
149,Female,3.0,86.0,5.6,Medium,No,60.0,73.0,77.0
150,Female,3.1,100.0,7.4,Medium,No,87.0,87.0,79.0
151,Female,3.4,61.0,6.1,Medium,No,65.0,56.0,68.0
152,Female,2.2,83.0,7.7,Medium,No,69.0,76.0,58.0
153,Male,2.7,76.0,6.8,Medium,No,67.0,69.0,74.0
154,Male,3.8,94.0,7.1,High,Yes,76.0,85.0,100.0
155,Male,3.9,91.0,7.1,Medium,Yes,70.0,72.0,98.0
156,Female,4.9,92.0,6.6,Medium,Yes,90.0,87.0,89.0
157,Male,0.2,74.0,6.9,Low,No,50.0,48.0,47.0
158,Male,0.7,86.0,7.1,Low,No,52.0,51.0,58.0
159,Male,5.0,91.0,9.3,High,No,89.0,88.0,86.0
160,Male,3.9,93.0,5.7,Medium,Yes,78.0,76.0,78.0
161,Female,4.1,71.0,6.3,Medium,No,72.0,67.0,79.0
162,Male,2.6,73.0,6.6,Low,No,49.0,63.0,63.0
163,Male,2.3,82.0,5.7,Low,Yes,60.0,65.0,61.0
164,Female,3.3,94.0,5.6,High,No,75.0,82.0,78.0
165,Male,1.7,86.0,5.4,Medium,Yes,50.0,58.0,58.0
166,Male,0.9,94.0,6.9,Low,No,36.0,63.0,54.0
167,Male,1.4,60.0,6.4,High,No,52.0,71.0,65.0
168,Male,3.2,77.0,7.1,High,No,58.0,74.0,71.0
169,Male,3.9,85.0,5.5,Medium,No,57.0,81.0,72.0
170,Male,5.3,83.0,6.1,Medium,No,70.0,75.0,83.0
171,Female,3.5,61.0,,Low,No,63.0,78.0,58.0
172,Female,3.7,91.0,7.7,Medium,Yes,78.0,84.0,86.0
173,Female,5.4,83.0,5.4,Medium,Yes,84.0,93.0,79.0
174,Male,1.9,75.0,7.8,Low,No,65.0,59.0,53.0
175,Female,1.7,92.0,6.4,High,Yes,71.0,60.0,73.0
176,Female,2.2,63.0,5.8,High,No,68.0,64.0,51.0
177,Male,2.9,75.0,7.7,High,Yes,73.0,74.0,85.0
178,Female,5.8,89.0,7.8,Low,No,91.0,92.0,96.0
179,Female,2.5,84.0,4.4,Medium,No,71.0,58.0,66.0
180,Female,4.8,78.0,7.8,Low,Yes,90.0,61.0,89.0
181,Male,2.3,78.0,6.4,Medium,Yes,62.0,65.0,70.0
182,Female,3.7,78.0,6.4,Medium,No,62.0,70.0,78.0
183,Male,4.0,89.0,6.5,Medium,No,75.0,81.0,86.0
184,Male,3.7,77.0,8.0,Low,Yes,79.0,67.0,88.0
185,Male,4.1,87.0,8.2,Medium,No,87.0,77.0,83.0
186,Female,2.0,59.0,7.2,Medium,Yes,58.0,57.0,76.0
187,Male,5.0,92.0,7.7,Medium,No,86.0,81.0,95.0
188,Female,4.4,100.0,9.0,Low,No,89.0,85.0,94.0
189,Female,2.0,85.0,6.9,High,No,66.0,65.0,70.0
190,Female,3.7,79.0,5.9,High,No,77.0,72.0,80.0
191,Male,1.5,75.0,7.4,High,No,65.0,58.0,78.0
192,Female,3.1,87.0,7.6,High,No,72.0,74.0,74.0
193,Male,1.4,73.0,6.7,High,No,52.0,69.0,55.0
194,Female,4.0,72.0,6.7,High,No,90.0,75.0,93.0
195,Female,7.2,59.0,9.0,Low,No,82.0,84.0,78.0
196,Female,5.1,82.0,6.6,High,No,77.0,87.0,94.0
197,Female,4.0,77.0,,Low,Yes,68.0,77.0,70.0
198,Male,1.7,78.0,4.2,Medium,No,55.0,56.0,57.0
199,Female,3.5,80.0,7.7,High,No,76.0,79.0,68.0
200,Female,4.7,73.0,8.2,High,Yes,82.0,90.0,87.0
201,Female,2.9,82.0,5.7,Medium,Yes,71.0,74.0,64.0
202,Female,3.2,69.0,7.5,High,Yes,83.0,76.0,76.0
203,Male,0.6,79.0,6.6,Low,Yes,47.0,43.0,56.0
204,Male,1.8,77.0,7.0,Low,Yes,57.0,58.0,52.0
205,Female,0.4,63.0,6.3,Low,Yes,51.0,41.0,53.0
206,Female,5.7,68.0,6.9,Medium,No,74.0,87.0,90.0
207,Male,3.7,74.0,7.8,Low,Yes,62.0,79.0,60.0
208,Male,4.0,74.0,6.4,Medium,No,66.0,70.0,72.0
209,Male,2.7,83.0,6.2,Medium,No,64.0,71.0,64.0
210,Female,1.0,76.0,5.9,Medium,No,56.0,55.0,77.0
211,Male,3.2,79.0,8.0,High,No,62.0,73.0,77.0
212,Male,2.1,76.0,6.1,Medium,Yes,57.0,72.0,57.0
213,Male,1.6,54.0,7.5,Medium,No,44.0,50.0,56.0
214,Female,3.1,79.0,5.7,Low,No,51.0,59.0,57.0
215,Female,3.2,72.0,4.8,High,No,59.0,64.0,66.0
216,Female,2.7,78.0,6.4,Medium,No,68.0,71.0,75.0
217,Male,1.9,72.0,7.1,High,Yes,65.0,62.0,68.0
218,Female,1.6,,8.0,Low,Yes,60.0,57.0,64.0
219,Female,3.0,80.0,7.7,High,Yes,78.0,83.0,85.0
220,Male,4.7,87.0,7.2,High,No,86.0,88.0,100.0
221,Male,0.8,88.0,4.4,High,No,58.0,56.0,61.0
222,Female,2.1,74.0,7.4,Medium,No,71.0,56.0,57.0
223,Female,2.8,88.0,5.4,High,No,74.0,73.0,73.0
224,Male,2.8,82.0,6.2,Medium,Yes,51.0,63.0,74.0
225,Female,2.2,69.0,8.7,High,No,68.0,67.0,67.0
226,Female,5.7,79.0,7.9,Medium,Yes,94.0,91.0,96.0
227,Female,3.6,81.0,5.8,High,No,76.0,75.0,73.0
228,Male,1.6,93.0,6.6,Low,No,53.0,59.0,72.0
229,Male,0.4,77.0,7.7,Medium,No,43.0,55.0,57.0
230,Male,2.8,96.0,6.8,Medium,Yes,73.0,63.0,67.0
231,Male,5.1,88.0,6.7,Low,No,82.0,74.0,82.0
232,Male,3.3,59.0,5.8,Medium,Yes,69.0,70.0,73.0
233,Male,0.2,70.0,7.5,High,No,38.0,51.0,57.0
234,Male,1.1,86.0,7.6,High,No,62.0,67.0,74.0
235,Female,3.2,65.0,6.1,High,No,74.0,78.0,64.0
236,Female,4.5,85.0,4.9,High,Yes,87.0,93.0,77.0
237,Male,3.2,94.0,8.7,Medium,No,90.0,81.0,83.0
238,Male,3.2,77.0,6.2,High,Yes,68.0,75.0,74.0
239,Female,4.5,94.0,7.3,Low,No,69.0,85.0,78.0
240,Female,4.8,93.0,6.1,Medium,No,86.0,79.0,90.0
241,Female,2.1,79.0,6.2,Low,No,65.0,58.0,53.0
242,Female,3.6,80.0,7.9,Low,No,61.0,68.0,63.0
243,Female,1.7,82.0,6.6,High,Yes,65.0,64.0,62.0
244,Female,1.5,84.0,7.7,High,Yes,67.0,63.0,74.0
245,Female,3.8,64.0,7.7,Medium,Yes,73.0,75.0,74.0
246,Male,1.0,79.0,6.4,High,Yes,67.0,52.0,59.0
247,Female,3.2,,7.2,Medium,Yes,81.0,57.0,57.0
248,Male,3.4,77.0,7.7,Medium,No,65.0,77.0,77.0
249,Female,4.2,78.0,8.2,High,No,77.0,83.0,76.0
250,Male,1.4,62.0,6.7,Low,No,37.0,53.0,55.0
251,Male,3.5,67.0,6.9,Medium,No,71.0,67.0,67.0
252,Male,2.8,76.0,6.0,Medium,No,56.0,68.0,69.0
253,Male,5.1,100.0,7.7,Medium,No,87.0,86.0,86.0
254,Female,2.0,66.0,7.0,Low,No,55.0,51.0,58.0
255,Male,1.4,81.0,5.6,Medium,No,63.0,50.0,46.0
256,Female,3.7,71.0,6.6,High,No,72.0,85.0,71.0
257,Male,1.8,76.0,6.8,Low,No,50.0,49.0,60.0
258,Male,1.2,90.0,6.4,Medium,No,53.0,68.0,70.0
259,Male,4.3,83.0,6.2,Low,No,77.0,65.0,78.0
260,Female,3.6,84.0,5.3,Medium,No,67.0,66.0,69.0
261,Male,0.2,85.0,7.0,Medium,No,50.0,59.0,50.0
262,Female,1.7,86.0,6.5,Medium,Yes,67.0,67.0,67.0
263,Female,1.4,,7.9,Medium,No,59.0,55.0,47.0
264,Female,3.9,84.0,6.8,High,No,84.0,74.0,87.0
265,Female,5.1,,7.8,High,Yes,79.0,95.0,100.0
266,Female,5.9,84.0,5.8,Low,No,74.0,78.0,82.0
267,Male,4.0,88.0,7.3,Medium,No,78.0,79.0,66.0
268,Female,1.5,84.0,7.7,Medium,Yes,65.0,59.0,61.0
269,Male,1.4,87.0,7.7,Medium,Yes,63.0,73.0,64.0
270,Male,1.7,68.0,6.7,Medium,No,62.0,59.0,55.0
271,Male,3.7,84.0,6.1,Low,Yes,79.0,80.0,82.0
272,Female,4.8,79.0,8.6,High,Yes,86.0,88.0,97.0
273,Female,0.3,79.0,6.8,Low,No,45.0,42.0,43.0
274,Female,3.9,93.0,5.8,Medium,No,81.0,68.0,86.0
275,Female,4.3,75.0,6.8,High,No,83.0,81.0,91.0
276,Female,3.4,73.0,7.3,High,No,65.0,80.0,65.0
277,Female,7.5,67.0,6.3,Low,Yes,82.0,95.0,93.0
278,Male,3.7,77.0,7.4,High,No,63.0,72.0,79.0
279,Female,3.0,91.0,7.9,Medium,No,70.0,70.0,83.0
280,Female,3.9,63.0,6.9,High,Yes,71.0,74.0,69.0
281,Female,2.2,83.0,8.0,Medium,Yes,62.0,68.0,68.0
282,Female,1.5,55.0,6.9,High,No,44.0,60.0,53.0
283,Female,3.6,73.0,6.5,Medium,Yes,70.0,73.0,69.0
284,Male,4.6,,8.6,Low,No,66.0,82.0,79.0
285,Male,2.7,75.0,7.6,Medium,No,56.0,68.0,72.0
286,Male,4.3,68.0,7.1,Low,No,65.0,63.0,75.0
287,Male,2.5,76.0,5.2,Low,No,59.0,58.0,68.0
288,Male,5.3,90.0,,Low,Yes,81.0,77.0,82.0
289,Male,3.3,95.0,5.3,Low,Yes,74.0,72.0,74.0
290,Female,3.7,95.0,6.9,High,No,78.0,84.0,86.0
291,Male,4.1,87.0,6.9,Medium,Yes,76.0,76.0,91.0
292,Male,1.1,84.0,7.4,Medium,Yes,56.0,53.0,57.0
293,Male,2.7,90.0,8.0,Medium,No,63.0,72.0,72.0
294,Male,5.6,68.0,5.5,High,Yes,85.0,86.0,83.0
295,Female,3.1,70.0,5.6,Medium,No,70.0,71.0,69.0
296,Male,5.0,93.0,6.1,Medium,No,86.0,80.0,76.0
297,Female,4.2,89.0,7.4,Low,Yes,80.0,88.0,73.0
298,Male,0.4,89.0,7.3,Low,No,50.0,54.0,52.0
299,Female,4.0,82.0,5.9,Low,No,69.0,61.0,65.0
300,Male,1.5,72.0,6.3,Medium,No,54.0,51.0,59.0
301,Male,3.4,69.0,7.4,Medium,No,60.0,69.0,65.0
302,Female,2.4,89.0,7.0,Medium,Yes,61.0,69.0,58.0
303,Male,3.0,91.0,8.0,High,No,69.0,71.0,74.0
304,Male,2.9,69.0,6.2,Low,No,63.0,49.0,68.0
305,Male,3.3,,6.8,Medium,Yes,65.0,69.0,75.0
306,Female,2.4,79.0,6.0,High,Yes,72.0,69.0,75.0
307,Male,1.1,89.0,8.1,Medium,Yes,54.0,66.0,48.0
308,Male,1.6,77.0,8.0,High,No,60.0,65.0,62.0
309,Female,4.3,71.0,7.5,Medium,Yes,70.0,71.0,83.0
310,Female,5.4,90.0,7.9,Low,No,86.0,88.0,84.0
311,Male,3.3,86.0,8.3,High,No,87.0,74.0,84.0
312,Male,4.2,73.0,8.4,Medium,No,66.0,82.0,81.0
313,Male,4.4,73.0,8.7,Low,No,73.0,71.0,72.0
314,Female,1.1,91.0,6.3,Medium,Yes,54.0,58.0,69.0
315,Male,0.4,67.0,6.2,Low,Yes,48.0,46.0,57.0
316,Male,2.9,77.0,8.3,Medium,No,76.0,73.0,75.0
317,Male,0.4,84.0,6.6,Medium,No,47.0,54.0,58.0
318,Male,2.6,82.0,5.2,Low,No,64.0,52.0,55.0
319,Female,0.9,89.0,6.5,High,No,58.0,66.0,64.0
320,Female,2.1,63.0,8.0,Low,No,48.0,51.0,59.0
321,Female,1.9,80.0,6.5,Medium,No,56.0,52.0,57.0
322,Female,3.7,83.0,7.8,Medium,No,80.0,65.0,75.0
323,Male,2.1,83.0,7.3,Medium,No,64.0,71.0,62.0
324,Male,1.4,86.0,5.7,High,No,60.0,71.0,71.0
325,Male,3.1,68.0,7.4,High,No,67.0,67.0,66.0
326,Male,7.2,94.0,7.0,Medium,No,94.0,98.0,100.0
327,Male,3.7,,,Medium,Yes,79.0,76.0,78.0
328,Female,0.3,86.0,5.6,High,No,66.0,47.0,60.0
329,Male,3.1,74.0,8.6,Low,Yes,65.0,69.0,70.0
330,Male,6.6,82.0,6.1,High,Yes,90.0,100.0,95.0
331,Male,3.2,93.0,5.0,Medium,Yes,74.0,71.0,77.0
332,Male,4.8,80.0,7.8,Low,No,78.0,78.0,91.0
333,Female,4.6,82.0,6.6,Medium,No,83.0,76.0,84.0
334,Female,4.7,83.0,8.2,Medium,No,72.0,88.0,90.0
335,Female,4.5,64.0,6.9,High,No,77.0,72.0,70.0
336,Male,3.4,78.0,7.0,Medium,No,63.0,68.0,83.0
337,Female,2.7,87.0,7.6,Medium,Yes,79.0,81.0,81.0
338,Male,2.6,75.0,7.1,High,No,71.0,70.0,70.0
339,Female,3.2,80.0,7.1,High,No,71.0,88.0,80.0
340,Male,3.6,80.0,8.1,Medium,No,64.0,78.0,86.0
341,Male,1.2,64.0,6.1,High,Yes,68.0,65.0,60.0
342,Male,2.6,88.0,7.6,Low,No,62.0,69.0,60.0
343,Male,2.9,66.0,7.3,High,No,72.0,64.0,75.0
344,Male,3.2,84.0,5.4,Low,Yes,54.0,73.0,68.0
345,Male,2.6,79.0,8.1,Low,No,62.0,57.0,68.0
346,Female,4.1,77.0,7.8,High,No,82.0,70.0,80.0
347,Female,2.9,81.0,8.5,High,No,59.0,76.0,66.0
348,Female,2.5,88.0,6.6,Medium,No,67.0,73.0,66.0
349,Male,1.3,88.0,5.9,Medium,No,64.0,66.0,63.0
350,Female,1.9,76.0,10.0,High,Yes,60.0,73.0,66.0
351,Female,3.3,78.0,6.0,Medium,No,66.0,68.0,80.0
352,Male,3.2,71.0,6.2,Medium,No,62.0,65.0,56.0
353,Female,0.2,65.0,7.6,Low,Yes,40.0,49.0,42.0
354,Female,4.3,90.0,6.6,Medium,No,73.0,85.0,83.0
355,Male,2.0,69.0,7.4,Low,No,48.0,55.0,58.0
356,Male,1.7,73.0,5.7,Medium,No,50.0,60.0,63.0
357,Male,4.6,84.0,5.3,Low,No,71.0,81.0,77.0
358,Female,4.6,67.0,6.5,High,No,77.0,86.0,90.0
359,Female,2.0,85.0,7.7,Medium,Yes,57.0,74.0,66.0
360,Male,2.5,72.0,7.0,High,No,61.0,72.0,72.0
361,Male,1.3,69.0,8.2,High,No,58.0,70.0,58.0
362,Female,4.1,74.0,6.7,Low,Yes,78.0,67.0,81.0
363,Male,4.3,71.0,7.2,High,No,84.0,89.0,79.0
364,Female,2.4,82.0,6.1,High,No,66.0,68.0,68.0
365,Male,4.9,94.0,5.5,Medium,No,81.0,74.0,85.0
366,Female,4.3,87.0,5.8,Medium,No,67.0,78.0,74.0
367,Male,2.8,85.0,6.2,Low,Yes,65.0,68.0,66.0
368,Female,4.0,,9.0,Low,No,58.0,64.0,64.0
369,Female,0.7,78.0,5.7,Medium,No,47.0,51.0,51.0
370,Male,2.6,81.0,6.1,Medium,No,55.0,52.0,66.0
371,Female,3.4,79.0,8.4,Low,No,62.0,79.0,74.0
372,Female,3.0,81.0,6.3,High,No,71.0,70.0,71.0
373,Male,5.9,68.0,,High,No,88.0,88.0,83.0
374,Female,3.4,97.0,4.7,Medium,No,79.0,79.0,75.0
375,Female,3.5,66.0,6.0,High,No,70.0,70.0,69.0
376,Male,1.1,78.0,7.5,Medium,No,51.0,48.0,52.0
377,Male,2.7,88.0,5.3,Low,Yes,67.0,54.0,78.0
378,Female,1.9,72.0,7.2,Medium,No,47.0,63.0,60.0
379,Male,6.3,90.0,7.0,Low,Yes,100.0,96.0,100.0
380,Male,2.4,65.0,6.4,Medium,No,44.0,57.0,59.0
381,Female,3.2,72.0,6.7,High,Yes,76.0,62.0,70.0
382,Male,4.7,56.0,7.7,Low,Yes,74.0,74.0,73.0
383,Female,3.9,90.0,6.9,Low,No,67.0,73.0,70.0
384,Female,1.0,68.0,8.0,Medium,No,48.0,57.0,60.0
385,Male,3.9,,7.8,Low,Yes,61.0,67.0,71.0
386,Male,4.0,87.0,8.5,Low,Yes,76.0,65.0,80.0
387,Female,2.7,83.0,6.6,High,No,72.0,67.0,78.0
388,Female,3.7,90.0,7.2,Low,No,67.0,77.0,73.0
389,Female,3.1,86.0,5.9,High,No,74.0,80.0,77.0
390,Female,1.1,88.0,7.6,Medium,No,61.0,57.0,57.0
391,Male,2.2,75.0,6.3,Medium,No,54.0,57.0,69.0
392,Male,3.0,79.0,7.6,High,No,76.0,62.0,85.0
393,Male,2.2,87.0,6.7,High,Yes,72.0,79.0,73.0
394,Female,3.8,87.0,6.8,Medium,No,74.0,72.0,71.0
395,Female,4.4,89.0,7.2,Medium,No,83.0,76.0,83.0
396,Male,3.4,72.0,6.3,Medium,Yes,71.0,65.0,83.0
397,Female,2.5,68.0,6.3,Low,Yes,53.0,57.0,61.0
398,Male,4.9,67.0,6.4,Low,Yes,69.0,78.0,86.0
399,Female,3.2,75.0,6.5,Low,No,63.0,61.0,61.0
400,Male,3.5,78.0,7.6,Medium,No,76.0,80.0,73.0
401,Female,1.9,67.0,6.6,Medium,No,56.0,61.0,65.0
402,Female,2.7,78.0,6.4,Medium,No,61.0,67.0,69.0
403,Female,4.4,86.0,7.8,High,No,82.0,92.0,84.0
404,Female,4.0,89.0,7.7,Medium,No,69.0,71.0,91.0
405,Male,2.7,73.0,6.8,High,Yes,76.0,72.0,73.0
406,Male,3.0,85.0,9.4,Medium,Yes,82.0,80.0,79.0
407,Female,3.3,67.0,5.9,High,No,77.0,74.0,70.0
408,Female,1.7,73.0,8.6,High,Yes,70.0,64.0,64.0
409,Male,2.7,80.0,7.2,Medium,No,60.0,59.0,70.0
410,Female,2.3,73.0,8.0,Medium,No,60.0,52.0,73.0
411,Female,1.1,72.0,6.7,High,No,53.0,60.0,59.0
412,Female,3.2,82.0,8.2,Low,No,68.0,67.0,77.0
413,Female,2.8,69.0,6.0,High,No,73.0,66.0,64.0
414,Male,1.0,80.0,7.8,High,No,43.0,61.0,64.0
415,Male,1.9,78.0,7.2,High,Yes,68.0,68.0,74.0
416,Male,2.9,84.0,7.9,Low,No,65.0,63.0,71.0
417,Female,0.2,87.0,6.5,Medium,Yes,54.0,59.0,56.0
418,Female,3.3,81.0,7.4,Medium,Yes,76.0,66.0,65.0
419,Male,3.4,74.0,6.2,Low,No,57.0,58.0,66.0
420,Female,3.9,89.0,6.6,High,Yes,87.0,75.0,91.0
421,Male,2.2,81.0,6.7,Medium,No,63.0,61.0,69.0
422,Male,1.0,,6.4,Medium,No,49.0,56.0,54.0
423,Male,3.9,81.0,6.5,Medium,No,72.0,69.0,84.0
424,Female,1.1,73.0,5.8,Medium,Yes,51.0,56.0,51.0
425,Male,3.8,54.0,6.9,High,No,68.0,76.0,75.0
426,Male,2.1,70.0,8.4,High,Yes,70.0,79.0,81.0
427,Female,1.6,76.0,9.8,Low,No,48.0,63.0,69.0
428,Male,3.4,,6.2,Medium,No,64.0,66.0,83.0
429,Female,4.6,64.0,6.2,Low,Yes,67.0,63.0,67.0
430,Male,2.8,76.0,7.3,Low,No,60.0,47.0,62.0
431,Male,2.7,84.0,7.5,Low,No,60.0,61.0,67.0
432,Male,0.6,68.0,5.7,High,No,39.0,52.0,59.0
433,Male,4.2,82.0,4.7,High,Yes,82.0,78.0,76.0
434,Male,3.1,59.0,7.2,Medium,Yes,71.0,78.0,70.0
435,Male,2.6,84.0,8.3,Low,Yes,61.0,60.0,65.0
436,Female,4.8,74.0,8.4,Low,No,75.0,72.0,78.0
437,Male,0.8,,7.0,Low,No,40.0,32.0,39.0
438,Female,2.3,90.0,8.4,High,No,71.0,79.0,78.0
439,Female,3.0,84.0,,Medium,Yes,69.0,69.0,63.0
440,Male,2.6,89.0,5.6,Low,No,67.0,52.0,67.0
441,Male,0.2,82.0,6.9,High,No,49.0,54.0,49.0
442,Male,3.5,83.0,8.0,High,No,79.0,86.0,75.0
443,Female,3.0,75.0,7.1,Medium,No,61.0,79.0,73.0
444,Male,4.4,84.0,6.4,Medium,Yes,75.0,79.0,85.0
445,Male,5.9,78.0,7.0,Low,No,81.0,86.0,77.0
446,Female,2.7,73.0,7.3,Medium,Yes,56.0,65.0,55.0
447,Female,3.5,77.0,7.1,Low,Yes,62.0,68.0,73.0
448,Female,3.4,67.0,7.3,Low,No,66.0,60.0,67.0
449,Female,3.2,79.0,7.4,High,Yes,71.0,86.0,70.0
450,Male,2.8,84.0,8.1,Low,No,55.0,61.0,78.0
451,Male,3.5,81.0,7.1,Low,Yes,60.0,59.0,78.0
452,Male,4.6,85.0,6.8,Low,Yes,77.0,72.0,72.0
453,Female,1.8,76.0,7.4,Low,Yes,53.0,55.0,66.0
454,Female,5.7,80.0,7.6,Low,No,81.0,84.0,76.0
455,Male,3.7,80.0,5.3,High,No,56.0,71.0,86.0
456,Female,3.4,98.0,8.1,High,No,74.0,82.0,94.0
457,Male,0.2,66.0,8.7,High,No,45.0,53.0,65.0
458,Female,3.0,99.0,7.0,Medium,No,76.0,71.0,68.0
459,Male,1.6,72.0,7.6,High,No,65.0,66.0,62.0
460,Female,3.8,76.0,6.3,High,No,77.0,70.0,70.0
461,Female,4.3,82.0,7.7,Medium,Yes,67.0,75.0,77.0
462,Male,4.6,85.0,6.1,Medium,No,82.0,85.0,93.0
463,Male,2.8,79.0,7.2,Medium,No,72.0,67.0,70.0
464,Male,2.9,,7.6,Low,No,58.0,48.0,66.0
465,Female,3.6,93.0,6.2,High,Yes,81.0,79.0,83.0
466,Female,0.2,100.0,5.9,Medium,No,55.0,58.0,51.0
467,Female,2.4,83.0,6.6,Medium,No,60.0,73.0,64.0
468,Female,2.2,86.0,6.4,High,No,67.0,72.0,73.0
469,Female,3.7,78.0,6.7,Medium,Yes,68.0,77.0,75.0
470,Male,2.4,96.0,5.9,Low,No,62.0,70.0,63.0
471,Female,4.0,78.0,8.1,Medium,Yes,75.0,85.0,79.0
472,Male,2.7,84.0,6.7,Low,No,62.0,70.0,66.0
473,Male,4.2,69.0,7.4,Medium,Yes,86.0,70.0,78.0
474,Male,6.1,53.0,5.4,Medium,Yes,73.0,81.0,81.0
475,Female,5.2,100.0,6.4,Low,No,88.0,74.0,83.0
476,Female,4.3,90.0,8.6,Low,No,76.0,84.0,82.0
477,Female,4.6,88.0,6.1,Low,No,74.0,72.0,76.0
478,Male,2.5,70.0,7.3,High,No,52.0,61.0,67.0
479,Male,1.9,63.0,9.1,High,Yes,69.0,77.0,64.0
480,Male,1.8,77.0,7.0,Medium,No,50.0,53.0,61.0
481,Female,3.3,81.0,8.5,Medium,No,64.0,70.0,78.0
482,Female,5.1,87.0,6.1,High,Yes,86.0,90.0,81.0
483,Male,2.0,79.0,6.5,Medium,Yes,60.0,63.0,67.0
484,Female,3.7,92.0,6.9,Medium,No,69.0,83.0,82.0
485,Female,1.3,83.0,6.5,High,No,68.0,65.0,64.0
486,Female,1.3,82.0,7.3,Medium,No,60.0,52.0,56.0
487,Male,4.2,91.0,5.2,High,No,93.0,86.0,89.0
488,Male,2.0,73.0,,Low,Yes,51.0,56.0,65.0
489,Female,2.0,83.0,8.3,Low,No,53.0,57.0,57.0
490,Male,5.8,74.0,7.1,High,No,99.0,92.0,94.0
491,Male,3.1,73.0,7.5,Medium,No,58.0,70.0,71.0
492,Male,2.9,94.0,8.7,Medium,No,73.0,74.0,63.0
493,Male,2.7,90.0,5.2,High,No,67.0,66.0,75.0
494,Male,3.6,85.0,4.0,High,No,70.0,74.0,68.0
495,Male,2.0,92.0,8.8,High,Yes,64.0,67.0,77.0
496,Male,3.1,83.0,5.6,Low,No,58.0,68.0,57.0
497,Female,4.5,93.0,7.1,Medium,No,92.0,80.0,87.0
498,Male,2.6,71.0,5.4,High,No,64.0,64.0,82.0
499,Male,0.2,78.0,4.4,Medium,No,53.0,50.0,45.0
500,Male,2.1,83.0,6.9,Medium,No,57.0,62.0,59.0
305,Male,3.3,,6.8,Medium,Yes,65.0,69.0,75.0
341,Male,1.2,64.0,6.1,High,Yes,68.0,65.0,60.0
48,Male,3.4,79.0,6.8,Medium,No,77.0,76.0,65.0
68,Female,4.5,78.0,8.5,Medium,No,73.0,75.0,87.0
480,Male,1.8,77.0,7.0,Medium,No,50.0,53.0,61.0
